frame,CHI_NAP_COM_distance,CHI_PAR_COM_distance
0,15.757243354334129,38.91189220055346
1,22.29017211310398,31.043255833736687
2,20.32000562921376,37.54675008713088
3,16.642990081992032,34.40132919507987
4,17.957687874175182,27.424451954318307
5,11.64767879605414,20.648009746357395
6,9.575841449091907,23.142865174842978
7,11.326421406098728,21.273663594405658
8,14.166028826864002,27.566523197121242
9,7.770362089464551,25.53605557453472
10,7.9931676964326055,17.358561063683783
11,9.09786202191345,26.64780192260541
12,12.793507025139917,22.977661731340124
13,7.003376243389638,13.235430220379737
14,6.1982016266429225,10.833358257082377
15,12.982187350514515,5.953696974003439
16,15.451139204148326,13.15698505812252
17,7.771214787136931,4.64963037580217
18,18.81575632252252,18.329174195898915
19,17.47392710595749,24.491272767566105
20,11.392283008612733,20.364290570696795
21,4.4514618593755655,21.944316972782588
22,9.258991951921155,16.923315323347097
23,11.943504426376295,31.264811129044396
24,13.94670641460592,26.02576133732901
25,18.583139779458925,25.851130835872596
26,17.626543842541402,22.029108051248823
27,13.087607638174577,26.92595711526431
28,17.43846923914035,24.94238251846972
29,5.743348963171874,25.09998128376037
30,10.954643338398014,24.801351804510595
31,16.923292785716892,27.882810809837107
32,12.824023181218282,29.432699512678273
33,16.524791881164738,22.69341498557047
34,9.056250797724912,12.678825912916093
35,14.926650545678156,11.508461033688466
36,13.127448098983724,20.205668028390726
37,12.510440123809781,17.938630748001444
38,12.35532946573365,13.730563127998654
39,9.880001077230249,15.701419484518414
40,10.183873338961947,15.804405753590384
41,12.462646407924922,14.675394036374056
42,13.853333926662915,11.974421805184516
43,19.068046372246435,19.9091276201776
44,15.854700370509406,17.77330445679537
45,18.34431552797345,31.803320834009057
46,17.87289051254821,28.561297846704974
47,17.30818123447192,26.48616192666144
48,24.22016008288386,27.88649361121165
49,16.46622308223842,24.45909524433952
50,20.155108317734175,29.5492423623958
51,10.154237508038277,30.896102040153174
52,11.847132968348802,27.99802601188235
53,13.702974558947822,24.82513580338718
54,10.400713884505356,25.09565977290153
55,17.21441609249272,25.408196838161892
56,10.381264006582576,17.719173222164535
57,15.885767286717465,22.154950460434726
58,18.217984706595015,18.63946641132717
59,15.620034533159618,18.032205424481717
60,9.63283154594136,21.81191016345499
61,3.3504806030546854,19.634250941407323
62,9.400778142436206,19.255544437542316
63,4.697619427347313,16.77713558257376
64,15.000975803348018,20.17564718673236
65,10.879304236551116,19.7307661315749
66,5.732394881467265,15.197161952218076
67,10.268057866172972,17.645694279733213
68,12.033801315214408,21.774786769717203
69,20.292026901594024,19.36743428864945
70,9.696159421115407,8.349029434134382
71,14.639437517611485,14.773103507040707
72,13.838543580800565,20.20892827804618
73,21.26556481414159,9.786471975989144
74,20.905690081609986,18.410727802559496
75,12.620222743950494,19.379677684905555
76,15.468031576180486,19.278339222510358
77,14.267898199724016,16.962183560308684
78,22.213039945713998,17.140134799940693
79,20.105129451103913,15.949646309030783
80,19.229048270909317,19.104995852525075
81,18.451713844438906,14.87254977786774
82,22.634730539925247,14.49976641257366
83,16.78695285840124,28.312136896191554
84,11.281740698105764,26.760699783963823
85,13.97637663666592,27.7399840081399
86,11.689576433412363,19.834175791862172
87,14.634050205897601,27.13570473330527
88,17.451950899463352,33.21756196743954
89,16.388106410544165,27.125324558513064
90,14.620978553618093,20.53182793756114
91,14.148589407558191,20.30766225266882
92,7.401953470448674,17.06601469597629
93,8.363813571359872,14.263424688942468
94,7.799031339484542,21.287538847066145
95,8.730158562790118,12.384569424242452
96,8.281625771574618,27.143523566433984
97,6.970688606769065,22.197381725180765
98,19.519329231289337,11.343058959995671
99,7.995044280222748,13.805131986008567
100,17.40801604260795,14.755703106525312
101,26.96992022853499,23.631470233478517
102,30.551419908330736,19.631185997207176
103,33.10818294356559,28.00023327473225
104,34.818514885802415,34.09210398962358
105,32.10747840439699,36.496358030406654
106,33.724240878149395,32.412822517620015
107,31.129338930593782,30.779241273773586
108,23.65752315756302,29.189666226529173
109,23.85040454427045,26.448001520663183
110,26.69533732438291,30.154591090682207
111,27.11040587571474,25.00834302007484
112,21.673658530209376,23.916157478515927
113,13.816452801102898,18.51897022517787
114,19.099829790564538,17.487704598902294
115,17.010106994618575,31.510731223102184
116,21.823196793620323,34.630399481798506
117,26.82708225455271,30.951780080297773
118,29.38613458265662,28.68056370082507
119,21.23223132896296,25.591612723175555
120,27.71038816412596,22.21862541871887
121,23.16285352250836,27.118531128199578
122,31.11892103076422,30.068510537541002
123,25.796006508656195,29.39401244825788
124,18.62436162772737,24.853370310939738
125,19.259954382192415,15.188160178923495
126,19.189317375166617,21.284692700768964
127,15.925544709819135,11.422286893293931
128,24.768947815214663,16.238132395286087
129,22.712141306138225,10.538829044560297
130,20.477086432161574,12.284590844168576
131,12.507665506320862,9.146450859840494
132,14.752708169679803,3.63608061725539
133,14.996758398308893,8.872020439886093
134,14.56441476196956,12.432432937547388
135,15.495612803857439,26.071007075079258
136,17.71680302028905,23.825291509953246
137,13.13130898717768,11.390829275506853
138,15.676148338094913,6.11907438372766
139,15.71333092338049,18.332033501369782
140,17.933848517973207,8.505074181632299
141,13.552154564932488,24.379885064603084
142,16.9455537580295,31.09329953584872
143,23.233213460667844,30.370112069565486
144,27.24439376275744,31.622832836169135
145,20.911374390059652,34.13541058133146
146,23.241541697914645,27.52076164733766
147,28.74784893913235,36.57294357731867
148,32.83350258442895,35.76120781369986
149,34.086761564476994,32.90275529057575
150,30.59596785317149,33.64783719239313
151,25.531651733849227,28.480188487995257
152,24.906347449297602,29.505414815993845
153,33.72219310835343,29.238891042710815
154,33.98114400588953,30.20079266751074
155,29.024068142435173,31.842265798883666
156,28.30178857091472,32.36314272777189
157,29.256160357699372,29.070799373889802
158,28.061417975509137,28.95294376947399
159,29.138096344475503,24.440201954947096
160,27.222966056083184,20.572147595116203
161,27.920769740538603,29.981955198900376
162,27.934029752676558,29.938740184544475
163,28.002445705854807,30.30218436471069
164,26.59931153433738,22.825644401747017
165,27.48311884575816,26.70318950068378
166,27.580560134865465,27.93375958523367
167,30.20805969766434,27.190636699992673
168,31.620613285296763,28.578893561080225
169,30.922574643755787,29.29707359713567
170,30.977496810321764,28.435625788712883
171,32.57476430812686,30.78728861224201
172,32.55041504758626,29.467867056211333
173,32.35853062128606,29.044139678453412
174,31.239128738592196,28.789660070544347
175,32.354346818316266,29.913040719072118
176,32.06698874078969,31.49665481960915
177,28.871837465979073,32.773700422770006
178,31.426711497537525,33.87453752343829
179,30.667280960979745,30.29686354962751
180,32.81013236779011,29.49854214453068
181,32.9135878772507,33.28130430440337
182,33.95184201073138,33.37289469886583
183,33.3593676424548,32.25542600305259
184,33.05661864028893,30.269056513856345
185,31.74435948359448,31.475368071282595
186,35.39094365594207,33.709310990971716
187,30.72680891601401,32.303649716163555
188,30.969253746399485,29.254631485581314
189,30.95656038355827,28.738322098131544
190,26.18828429675812,28.974005464661808
191,30.925387234746857,26.922569556891307
192,30.54368481756568,26.58474141083341
193,30.594798525458785,28.72186969921992
194,30.67308060790814,28.30558257524562
195,27.6631005760783,34.54392758433521
196,33.300435152165576,28.85718530227535
197,30.981539143832183,34.81710852889075
198,33.16710269828933,30.51156525385338
199,33.49883323661516,31.311417013072777
200,34.542582009354604,32.49865727263615
201,22.14916744822128,35.01846781656803
202,27.285903991449352,35.107222255028354
203,34.49162542786285,33.734714943973415
204,32.09968595041856,30.58380203070302
205,29.98507689561506,35.21053326378686
206,29.220986614195056,36.4261530408235
207,31.729490789683314,35.87540933395121
208,33.268093148991674,37.06264024233344
209,31.31957606341824,38.67281410235318
210,32.05996185305658,35.42660687519042
211,27.166008009548904,40.50069893212082
212,26.30342237612942,42.41570816013488
213,33.0914320183684,42.47930115411959
214,29.522023438373886,41.90436081079799
215,22.578222903753748,40.64098590749057
216,16.653634649539555,29.179610572404734
217,21.15648547347557,31.725727592007978
218,20.03674471593932,29.74674694144418
219,17.87403431949557,29.44305930404765
220,19.077030219832675,33.47225700237073
221,15.123695548002683,27.212428169909153
222,19.226105196351593,20.9741864121574
223,18.179119635382833,27.141106976116074
224,16.748131467597215,24.240159756381846
225,15.150372444957581,23.467539922811607
226,14.434060373451295,28.22698534060155
227,16.967940883214144,27.629244718461003
228,20.87267279405403,34.129112608547864
229,18.614636379109534,31.397730741614538
230,18.816630872890467,31.269750819987305
231,22.439639119903813,33.589760276819014
232,24.21514930452269,38.150873850675715
233,34.22095703929769,37.0889922801803
234,31.79195978342581,37.40769698733396
235,31.35573521158987,37.74134089001919
236,30.02128678088978,35.83046320062162
237,33.03829063727401,36.86175803065688
238,26.222489779750898,36.93930262514591
239,22.80944150633445,31.183223019682387
240,31.789255586091762,36.51356775298855
241,34.1779596933837,35.291168491517965
242,28.586543615526942,34.76819538494186
243,33.28027275314253,31.138492395767184
244,24.29017821448598,25.525310848189086
245,14.679822924548507,14.533922665129877
246,21.23669840036187,23.7968917200251
247,20.151027548388015,23.689249266399607
248,29.172478408563812,27.18040972667327
249,32.76241476416724,24.175024787358232
250,27.594337457241426,29.757728109080038
251,32.49055124723752,32.840839244826775
252,33.84360642233526,33.713844930008264
253,35.41042579893916,30.792658703355333
254,31.200750983816555,29.597093238477488
255,30.12694785897908,29.036724324963586
256,30.582650235490362,28.317792675957218
257,30.109089110054704,28.144825427029296
258,32.10225150474909,30.625182064032757
259,28.80481285204008,29.81133214887901
260,32.13826970686874,32.89441854154521
261,28.794839656048154,33.59871123037066
262,28.198082820505288,27.909989358569817
263,24.55251055035126,28.52014879398367
264,24.13759812037261,32.81919320330772
265,19.793428040972866,32.13995184207521
266,26.85812531990559,32.4670059341334
267,29.957809582295344,31.250056153460537
268,25.760196818970165,31.293363912159418
269,22.785759924199564,31.104341974540844
270,27.38834531306163,32.89222006738599
271,25.448886604830275,31.39684164482434
272,26.10379497913217,28.495550146423067
273,26.72736975511717,27.684602794206043
274,23.120563019544353,29.81778999972739
275,24.659489049086563,26.527915911168677
276,20.59995412793849,24.119173272047448
277,21.49539956902867,23.95757994241097
278,15.545147719256674,21.91395935372495
279,17.72793490274761,20.9694557658796
280,20.721009454958637,21.01693874991874
281,14.590696678260269,25.802794943142732
282,15.160911415626616,20.309519739049573
283,12.714073298266827,10.860513843005823
284,12.614579926693512,13.168531963920076
285,16.87507811845349,19.645217958647144
286,20.260474090141635,19.938894151230553
287,13.028612423732234,18.98721415693249
288,14.197314481419198,17.752335895066448
289,11.993599715124892,22.824844142467104
290,9.257471948164664,23.347195642352506
291,5.807654817899738,6.63053358675248
292,4.572224588142345,4.6332934626714835
293,11.128146786488793,17.252798053604405
294,5.281420586941027,2.1793823198228863
295,9.691558493271616,20.705381222593793
296,6.452253482727525,13.662602036942214
297,10.997673545474454,5.077332685188746
298,16.81425951310399,11.865157448524307
299,4.852688835882375,9.142368582616687
300,10.975717154262,9.585168850941477
301,6.780542364965195,13.88382825425857
302,10.583269445952745,17.78867377955466
303,8.969457930593626,6.925745357852522
304,11.3231139881197,20.817136172131143
305,11.570523116845859,12.902761473057275
306,9.329429727762834,20.997111532220725
307,10.936840849111741,17.431569013513116
308,11.113950531030287,13.938384721687656
309,14.867076638924633,18.277023028245246
310,18.055848904690347,14.399003178832219
311,21.852901294982896,4.305989494910412
312,13.64499726463088,4.044141492794236
313,13.196788884734659,7.581152789825552
314,24.159834055373565,10.88018683447269
315,22.473759359469188,27.27999409646505
316,14.726469420275007,22.816222307006395
317,14.829168255133183,10.28923671370396
318,11.34460662602551,7.782327113913152
319,15.477201483211108,7.919638400487599
320,13.265166883490906,2.479239462238142
321,14.132171101138148,8.224310641766982
322,12.100778775251989,18.444206019904453
323,16.02776771235156,26.837208878415083
324,18.640124423946766,22.7185544769573
325,12.359853246242288,19.10618133026701
326,13.3999293066034,7.189349446506006
327,6.892010575758075,8.180889087870497
328,19.15953801952887,18.774860364080677
329,19.873648274676814,21.863441345964496
330,14.381244297464656,25.086019467699447
331,10.884669679339263,22.313351373516564
332,18.914978914895126,26.561879603327156
333,12.169393459603048,19.0654789902755
334,22.278089253208528,26.95082646820843
335,14.305057464536944,17.328274408363228
336,21.3613651163051,29.61651442724644
337,29.479113974702848,28.436136324655447
338,18.132959126790013,29.157240934787218
339,25.35373618637325,27.450299709622225
340,26.34545176066263,27.68813001575135
341,24.03824694804041,28.125108602662195
342,23.60502173060267,30.27822901949269
343,21.220183214831586,14.719491097291053
344,19.51870058201358,21.577517265494627
345,16.211454910676817,23.210265861699323
346,19.286630372445224,21.22836962292927
347,19.503047351721715,25.646534229750866
348,23.832921084942495,28.7505156990595
349,28.383432725587493,27.13285241270102
350,26.503753755121938,25.216546092131715
351,27.253065474667157,27.32342358425666
352,25.322632758215487,28.18932207304518
353,15.472070432967929,30.056038143454206
354,8.145351064669219,26.043619816380858
355,11.2766131287023,25.505438217166244
356,15.851624322917827,29.051076980327483
357,13.050663979487288,28.873881704129655
358,15.697591912066839,29.25766016121085
359,12.267949497335302,28.401943795822735
360,18.658511448812067,28.101340566831052
361,15.971156948367456,27.68813692221832
362,8.17153355472222,29.4015003657869
363,14.757778714315895,20.903630218255678
364,7.918481562671261,25.396114044108565
365,16.659595214076074,29.294277736170763
366,8.693747234231,21.245509878450818
367,11.94876464830791,16.1037253692963
368,10.241553850969712,21.92905131531471
369,13.574281313358744,18.409519595939233
370,12.507125442735349,24.767553194259346
371,17.920095651423548,29.712077894143587
372,11.625429802999014,28.51953529811361
373,18.644912781008212,26.58839214572404
374,26.434279049895352,26.075428768624224
375,27.435820486569806,27.896555303014914
376,24.636028618558207,25.88036517533349
377,24.293931765793165,26.21399032012756
378,24.363457749652543,27.029942063718615
379,26.523338138720362,27.792592141589296
380,24.97747586354119,26.476926829827995
381,27.706533605739722,29.108133590624192
382,25.851777999129276,27.228932760276162
383,27.232552755635734,27.311215661353923
384,21.84563426144758,26.176980279792794
385,23.69463615373787,24.882355914245323
386,24.232966909228992,25.641334484214124
387,25.159585988065228,26.43161044951865
388,19.905985767394068,26.756140280172378
389,25.208681141393562,27.08095674622048
390,21.676079581621416,28.230546138337285
391,20.977224840230473,28.1361008768435
392,25.88076148891843,27.045869309053376
393,21.619245737189583,26.589632217494465
394,25.38333852510068,27.375495594622404
395,22.447079080223855,29.24331880615215
396,21.683537005100604,19.841047380934114
397,26.01154490331967,31.96870777495347
398,20.744408717108982,33.330957361598585
399,21.960069722662826,33.156406740106306
400,23.911313960395066,33.63790166269908
401,14.874759216095729,33.31126864644623
402,9.402456705486077,26.00388856600963
403,10.085993602253685,18.742031313564052
404,12.652791385975613,21.43919742470252
405,14.225066681632931,25.925868196406363
406,20.165267879502462,36.271299515994585
407,25.3661639748529,24.837361584653312
408,21.38270648927889,34.25343453831523
409,17.540624967023383,27.736045322066133
410,25.543096272581607,31.795896793726612
411,31.57712244127646,33.02839297185506
412,26.127448749107227,31.743408825052995
413,23.505238557046194,33.847283335357126
414,29.16111210089455,34.09145886671085
415,29.060010428580718,35.033479252012214
416,31.841798257915773,30.217968032794076
417,32.93682244746836,26.53184859358946
418,32.99935455227391,22.195529374292185
419,27.237493985832156,27.225914417463574
420,24.2605830027593,22.183973831156585
421,29.35004745082233,20.514602479019473
422,33.58001089394668,22.88190739099285
423,30.977629596777035,24.736018055288163
424,33.9566688139422,27.611120971834794
425,22.518502196329962,22.62490281430451
426,18.765537176188012,25.043125177442214
427,20.377769561587325,29.709856222281203
428,13.373355794627713,22.81940721642774
429,13.684128774004652,20.488293787656925
430,22.355272022242957,25.96774145752082
431,18.04574393968431,29.859905506660674
432,23.90187609734619,30.43359360217542
433,29.115458684810424,29.41901720449456
434,29.739392314510983,36.13563940049457
435,21.57507590885217,32.70672295258637
436,22.712818078903886,29.86583071464194
437,19.749695412614535,30.492935460610077
438,24.236537952006337,32.16985094774402
439,30.966232101269394,34.77451991143863
440,22.47127696191763,32.55864765112019
441,29.0525802637094,31.745178475463426
442,34.32406389925951,32.460452996916786
443,31.5807745200984,35.378331877971725
444,32.510249860468235,33.41496149272202
445,39.00293744389043,33.15071145877944
446,34.96027960405296,32.227151132835886
447,36.255885132346314,32.872156371686344
448,39.23825138135049,30.99435368060719
449,31.529776907987596,33.23598514531517
450,24.09097808127255,31.11630799671859
451,26.194918138909554,35.65300730738402
452,26.342677460956335,34.555022061690465
453,18.72142991147852,26.605918446882963
454,22.063305066324634,19.963131143846315
455,16.2632307177834,18.38088821005862
456,18.038076026361477,21.45474862251248
457,18.865311173663923,20.93264012104292
458,16.380889424952027,19.217141820871085
459,23.720334458379384,22.19492513871268
460,21.938343661876566,21.05441467324867
461,20.842243211324348,20.990588944243648
462,27.49898930585082,26.146176484299893
463,32.57836774202681,32.945712092586376
464,29.972440364018233,33.51105989439136
465,33.508516820736254,32.76702509179178
466,28.528420915212195,25.46049753875628
467,32.12447228153682,33.33407965803045
468,31.133928252317737,26.912098722907416
469,33.55836178927646,35.17222836525802
470,23.93026914159819,34.425601451296906
471,26.56383689750671,29.14338824289969
472,28.294393535045526,34.84713692179715
473,26.57591732453917,32.275426030453
474,10.350189768185057,31.81721861249842
475,11.871340146568853,27.524726408014132
476,16.124774828413617,17.24720818042671
477,10.337817184448904,13.418617551193018
478,16.746692424605676,16.74042350734591
479,16.82838149107119,17.940975503923806
480,26.45306849430596,28.03389274459899
481,25.275195682133138,28.93590790126515
482,28.580457080909856,28.93792970938341
483,22.67477086314968,34.117663726598536
484,17.043613375109597,29.01074966070159
485,17.74357525759365,23.848059132178527
486,20.75583854724003,15.672222575583941
487,20.392345383232854,16.583810358592334
488,11.874924351056904,15.748290812022175
489,17.034550215206096,10.071665834575
490,13.949948042831716,16.39129845229754
491,7.60906443971957,16.26416598389971
492,11.037807592849381,19.717466190894598
493,14.191677060719488,15.43361438181788
494,20.684618201379777,24.27626596015302
495,24.644222476445933,29.307691013353075
496,17.768951179008802,25.885930660812495
497,16.748161099200146,26.516148452588695
498,13.262846534904867,6.254249275521632
499,9.269057596567201,9.940606850465684
500,15.104898692919857,17.125480381340605
501,13.43480437664647,10.413086060775843
502,23.854087036810313,23.222659050989193
503,17.56501105304674,17.60311576276056
504,15.516845225883921,12.863873230962703
505,10.037034466012413,10.555696535949394
506,14.841263417565155,6.680055157856114
507,19.659818564602904,17.39667716329569
508,16.145509474957233,26.97274299797657
509,21.96077937016902,18.3713162322852
510,22.64504576757596,23.660177346943122
511,21.253936931865145,34.69825855325412
512,20.399157280078498,4.848214707365625
513,11.82275753582818,5.602401033905929
514,3.4947842866538874,11.28061905658816
515,3.6304292048184763,8.808030453020942
516,7.685112876674436,17.987531436396402
517,10.83168772652917,3.5404017287334346
518,6.153052279045196,8.166528929236737
519,11.95642080934112,17.040105461521016
520,18.52628193625722,21.448595993849285
521,15.722161656161624,31.251321244497586
522,2.30785893316936,30.9678771891474
523,4.636366261411841,19.269772388761645
524,1.754298679224611,31.673069165679344
525,1.3314574336137204,32.672197540005776
526,10.710065607474892,26.523999669339034
527,21.185689505620005,29.3195635161872
528,10.60992575811111,20.79040832230352
529,19.232410691875828,33.69460895101266
530,16.35106410055264,28.404923777771565
531,20.0326795198818,33.86456517477693
532,9.766803184132316,31.215952373492282
533,20.785320871373553,27.307446153649916
534,19.08076211751608,19.541153233965954
535,19.44080096383188,21.46113496690638
536,21.32435100858041,26.623245794977827
537,18.944254224572752,26.08704864251058
538,20.498297518493434,16.26466206937402
539,19.310151382244623,25.807282126539235
540,19.35677762507506,24.05213706179303
541,27.473382758871406,32.53960780433662
542,28.941933188106532,30.829778694590647
543,24.281135867725734,31.438345705306755
544,22.306427342006575,31.908353701934647
545,20.872030927729675,23.182119994516622
546,28.524178930466537,33.11007566791794
547,28.51304561015362,31.691923898109582
548,34.79939101643993,35.10833697214267
549,32.94910688174128,32.39232571187352
550,22.177088332992998,30.55238907422092
551,19.833798720774006,18.244186404908234
552,15.917548701736328,17.990208042936228
553,14.6063436488566,19.301697681796274
554,16.223429341361374,30.663691032196457
555,17.208817339936896,31.17811252545811
556,20.08017905438644,31.606933249111137
557,20.727231447774795,32.25304861060474
558,18.78133270056417,34.135091694483044
559,23.85632093700083,34.28200143922625
560,17.13018263733514,27.628969532646185
561,18.692588218366815,22.28397509822252
562,22.73551658118213,24.866461723326807
563,21.41643362089312,17.554641534166944
564,14.658161268290003,27.169406423099918
565,17.165809835191798,18.052780784996816
566,13.92204434948962,20.372297679767218
567,20.86743927146008,30.131334777540914
568,19.268877010782226,22.537018965928866
569,18.127934773288082,19.993044439974618
570,21.419247271302382,34.815641332886614
571,21.775744780819423,30.81464305625227
572,27.784918790929765,26.748515478579378
573,16.973108587279857,23.788035450209005
574,14.886743849116026,17.51704704185011
575,15.800879129910328,15.387329726598752
576,15.313092266253484,13.633759983560687
577,18.127304216308943,16.819077737343687
578,19.47799930828358,21.627650457428388
579,18.2486748287415,23.619800113333373
580,22.230822606943626,25.454338651945044
581,23.770735323512024,27.905487564355077
582,20.82525383486912,27.212306726826952
583,15.067296418528723,21.27149061356
584,22.763699522739916,23.381105140392098
585,25.773111073147053,30.69702133614222
586,20.552316632850438,25.389707761968406
587,18.18194968847584,21.011812675639966
588,19.795889620083457,20.357157138003906
589,26.96053441898587,20.893262626700142
590,19.131934099579635,17.29552497137147
591,19.34281011363602,20.62806334160442
592,17.656860606892568,18.406447626685104
593,34.030184169992566,23.57318253804147
594,33.771319623154405,26.759104933553402
595,25.298003667549114,26.963056069678007
596,26.22754921606859,23.210767355547436
597,23.168636949545217,20.886423049862756
598,20.682769109234115,30.144390898581303
599,21.564610027364033,34.656933032647274
600,16.536936730980912,31.022108521928033
601,16.813706254378154,30.562594113177305
602,17.41038534173089,31.150325535507886
603,23.269365852387917,28.86269734909898
604,19.34886267476475,29.245335824933672
605,24.153623912801486,26.524387707027504
606,25.891714497617635,20.947145423280208
607,20.201744509375146,20.044548128864452
608,21.003335721551533,23.04121590485055
609,21.295853282955154,22.728899965124242
610,8.616460444260937,26.82083371727272
611,19.27224347520402,24.066892483475215
612,18.21479644502374,21.300902643458794
613,21.863422179434934,33.01514775991891
614,21.85693243733569,24.74239485345289
615,20.420204027969625,20.52998054794624
616,19.968474186479597,23.624532325239603
617,13.754310341039616,25.779420506107115
618,16.24935721772876,21.925681476369746
619,20.715720018133393,19.85449120404476
620,21.066242346988858,18.677809132465462
621,21.64215182240842,25.515859813670854
622,20.05394787835992,24.056467109291887
623,22.600203437109627,31.58100863162751
624,27.17322403469193,33.80446398364471
625,32.97971432301897,28.630473032284254
626,32.92047540694833,33.407002287361294
627,20.965952719208136,31.914199794136877
628,17.325681299856853,29.1200572099877
629,24.659652044674505,33.2985349040431
630,25.579984216296797,34.3596946964552
631,26.949035720767046,33.097454524708255
632,15.326710513324455,32.44598997893075
633,14.892980367407006,36.18366945816457
634,23.624871552042514,36.55742394211852
635,23.784133285723183,32.7581187797371
636,23.58993520610308,28.779493902351778
637,18.188675800495073,18.987570300414284
638,17.76301951264973,20.502600559528886
639,18.991358712060617,20.586335873459966
640,18.876255957868324,23.704556186613644
641,17.382579982944666,25.47242908178028
642,20.77215165016127,22.632471279084065
643,21.005999810267944,24.617897923430338
644,19.17284220080626,17.479097275719216
645,22.211849151436454,19.268570083894044
646,21.07898923331856,16.20452619824315
647,20.052644783339108,13.93055589578541
648,18.429151056914016,15.654269761146134
649,16.439111124333067,15.372185366408358
650,18.75023530155254,15.183006106030978
651,17.302527021582286,19.28620532467825
652,19.009029769286727,25.649222562453875
653,29.63356998643636,22.766208101903842
654,22.591242491453148,30.26030905444166
655,22.098321566790393,30.33321305800998
656,13.32165117255086,28.04682563859281
657,22.620856003862055,23.30483919001395
658,26.531566798108475,27.121413382956803
659,22.539626990004905,26.8083136625978
660,12.852859666212737,17.556703452694844
661,12.095511242751535,23.804000541254844
662,15.31473606916596,18.6671088175895
663,18.227780990319694,21.331974447169628
664,17.24053783894005,31.56044748239983
665,20.972373912992104,31.950421432163665
666,19.68653023750759,30.593639725547437
667,18.78576751539076,29.12881791092526
668,16.31982282310439,19.46420482801873
669,25.871287669411707,23.829647990757785
670,21.408422225858967,19.298792044362255
671,17.11573021951721,21.29621857039404
672,13.201600019780795,33.2150125893073
673,19.66345262548878,36.473426988438625
674,23.61696150881825,36.36764048082747
675,18.676915341221154,29.429692862525854
676,14.294986657583468,27.335109936591692
677,13.558955493706407,23.957575317487112
678,11.929182182248363,26.728256468488613
679,12.558147669388553,35.611392722623236
680,14.23282139888384,34.41425804734216
681,18.39076201915498,36.14561968248358
682,11.115887839577605,24.780023842452056
683,7.77956148912276,25.520585502311835
684,18.167313595759765,38.52564933511468
685,13.030345971610874,30.442522939160128
686,17.066792930068626,36.17964938680692
687,15.513764241659048,29.590503444338232
688,16.417760024449485,21.152336924124683
689,7.9957845408488595,13.100748793975749
690,12.883965991808335,14.70599839337556
691,18.906236695099917,24.18890760822567
692,16.16899682791379,31.79257432410383
693,16.208415871330985,28.246168812977498
694,5.384571188037554,18.587948640064173
695,6.531807370224931,28.59771139515128
696,13.103294924524118,32.40176332608079
697,14.148953916958485,30.30034947411952
698,13.18010968920501,26.002654858683744
699,4.402794997291811,23.836887486387354
700,12.396064317765179,15.457993451109408
701,20.225467586879596,30.014462975475848
702,23.92111935510414,27.080459020945963
703,17.506905767880312,31.893488640174457
704,23.947770473186136,11.74914240154932
705,14.129932078781646,12.046155067710469
706,12.37847688334179,8.740168152703642
707,12.987876567391766,13.74888428694436
708,9.052369172397997,14.104968775310505
709,18.734870448098583,27.673425603582036
710,13.591176564966322,6.07074418698171
711,12.584105671417214,20.141258792171424
712,21.62919431449437,29.35095847573836
713,23.409136854185338,37.712704111360964
714,20.2996243505335,33.09692782033262
715,22.251014923537713,39.4410825706088
716,18.037637563034515,20.104233476352338
717,7.718397146199636,10.574733659163186
718,12.563179633219287,5.142361684307679
719,18.45082433276488,6.83717050673448
720,17.167083852118033,6.371121026513706
721,10.514018069777396,3.9692610457810553
722,8.190871997239638,7.544322779628579
723,20.389682051435646,10.31749850979359
724,18.95587738571141,14.42274494098489
725,18.908479014763564,14.471006297485491
726,21.526076450571573,24.8171443225462
727,21.24436871662532,24.02532761368514
728,24.322666730358577,22.62111667526544
729,27.480668510906806,33.64342775046189
730,29.453482101890916,29.25741604417937
731,26.011657838067354,34.83848668508173
732,18.837630244628677,21.915476140750588
733,21.071489794785318,30.72183850504991
734,19.940842945774865,18.822681439461235
735,16.578922120543332,10.415577205305745
736,18.449250721188132,24.966440836088555
737,17.540882639728572,17.048167575350632
738,24.024216709290016,20.877213343400687
739,26.317778022910442,28.863291633719136
740,23.121219530808883,28.717775693240974
741,22.78893952371371,24.004374501766
742,27.397173405851795,22.3868023316293
743,29.934477500465718,32.47041004507262
744,29.612185423882664,35.579085690434226
745,39.81639920073003,38.66406506582008
746,32.32028332030951,37.1851187733027
747,35.17901642427427,36.82434983079668
748,24.05164675108036,34.017865856228845
749,22.312739027264776,33.61682843380228
750,29.82249388702031,31.73334819006148
751,31.682271928701827,37.010969134911406
752,31.641051143237327,33.00597861127019
753,24.948743812635563,36.28993141591061
754,20.75042254479945,29.257942054615462
755,22.38034879062222,36.08892954178605
756,32.55599329592568,37.96290366278084
757,22.887199188930637,38.949762014023925
758,30.96394674034682,37.12443201290775
759,38.48089934653579,36.73974483593363
760,34.24952005505279,38.609256706043254
761,38.40515297510651,37.196130647882406
762,35.880159306739884,34.05035651785004
763,36.390838345525694,34.580213305096954
764,35.315667681580884,34.01980997191323
765,29.71151242607597,30.997310810067123
766,31.322576250264113,32.051445713384865
767,29.452571369449267,34.070638597089605
768,31.164794605145314,31.63497178585775
769,22.12519602347943,34.358083631571866
770,20.021514488363053,22.81285661022148
771,16.396249191942047,25.817484032034326
772,25.41251776472008,24.423984415218598
773,17.10438183541814,25.878828855859158
774,21.377619030761906,25.286689971293963
775,32.68151325829154,33.86848227328454
776,18.38200434717422,30.918484081781852
777,21.419338581698184,34.59355251748638
778,27.9085513759053,32.99446893650138
779,19.86268232016931,34.019815951980426
780,19.514868691109157,26.92689906460785
781,19.60998257799408,26.352144123098398
782,19.97647372897541,26.594504807139394
783,25.943894448327743,29.01035799335341
784,26.620247485006775,25.578344921426577
785,27.18657874668288,29.314885907710924
786,29.09847774410786,28.79141377993816
787,15.541842794969767,25.805335686272727
788,19.42010515477621,17.779780350973418
789,23.687314887177077,25.437967684245315
790,21.65469599030858,26.950790173193084
791,23.827332375105506,30.933185553303762
792,22.460876501595216,31.47959374644525
793,24.08020445391112,34.64006083377563
794,29.28985870944561,32.77251016320499
795,22.475604158473725,22.726385781274544
796,17.787728250210115,22.65088580858335
797,15.928105200695558,28.700757825117023
798,15.46380469518659,31.67457461864441
799,18.50818930285361,30.209771514132168
800,11.618183183604527,28.09737991200453
801,23.113323991539826,29.786045741951433
802,23.07173674957443,30.936147870201705
803,18.67412407536882,27.293349270963795
804,22.863715506385304,27.076470484783837
805,22.55497267057632,30.357639216382484
806,22.26906162324559,30.955764997647577
807,20.00079529134514,27.465976776757685
808,12.06796946350426,28.749303044097985
809,16.167803667248766,22.668981814903958
810,20.17994099220146,26.1373594872494
811,16.529112272571254,26.933203089039274
812,15.725915979520815,27.62304628123344
813,16.141994548298012,26.484217957124393
814,20.91515877849979,25.79422683250865
815,24.23985965191546,28.431432059820406
816,27.764977900936344,28.29577614498333
817,19.453405904075147,30.131583560756635
818,25.097540574279932,26.96492722894289
819,20.383959290388468,19.082669556499766
820,13.725868540204381,24.85241064441408
821,14.328783735717,25.21018894248938
822,18.610063408733637,26.128393856053947
823,15.9108435598539,19.097667378928637
824,23.84788313302392,18.930448181312194
825,18.989028306361803,18.64016715111776
826,18.98990128083667,27.036512405518632
827,13.023506988200335,29.792371407256024
828,22.368458219267108,30.083646725564723
829,26.9249261976563,29.479396519926492
830,18.906996824379206,29.876210602538265
831,25.529615504918734,30.14191437315262
832,26.832822572894383,30.91464140978442
833,30.105144442110085,29.767777346464975
834,29.712569198993123,29.05352045581174
835,28.378532746663883,29.455117586151655
836,27.302730838480894,29.744261729243878
837,22.974980374555074,29.64121346059985
838,19.58461653207405,26.38551415346297
839,6.72283311141296,33.873422924005496
840,7.134792191227629,17.32740845214545
841,10.252130188031458,9.27315113946411
842,9.011578689018672,9.063049404919582
843,15.620620669102717,10.214850096831016
844,14.030010338123915,18.97883221682375
845,18.976022509433694,10.142034607215246
846,19.166724907008895,14.184119932773585
847,12.581104395995522,8.140543403833473
848,13.167214736045114,20.072405385943153
849,15.518367884545029,23.407465656416676
850,16.907521250571243,15.482711467080646
851,19.307876376634045,16.585999630440146
852,15.565521202097191,21.127499335843858
853,18.393183333046743,21.038009994647123
854,10.709297869189577,20.21577741160785
855,10.447938157380715,15.185551124667171
856,24.780805661800727,22.938999605251155
857,23.396680242505898,21.167231222428537
858,21.329655676396126,15.708827978625699
859,14.45827557475293,13.009994800441222
860,16.219844577026937,19.97012057028706
861,20.703215097781587,22.858948058290757
862,12.06973538199842,19.61205834657829
863,5.7191327197522694,12.803200611569316
864,10.512894382421965,13.821998673150599
865,14.784691817621864,21.641078538866218
866,14.572738067133303,25.65430813899357
867,13.25356203753554,21.571304922622115
868,16.424089518303642,23.232872018678787
869,9.283543524229078,14.598339369427343
870,7.040756619469886,12.121863100989213
871,2.5580432373409066,15.855122502600869
872,14.715247390555248,24.546429689334847
873,12.755619208525863,9.823617261603136
874,5.95900791685763,7.213280209412987
875,19.72400926304613,29.76559239435161
876,12.078789535859697,22.06304617402937
877,14.433679992099632,19.725053990121612
878,5.367572249766883,29.223328883659146
879,4.741717081780291,11.322602283823091
880,17.56501818499832,22.776754300460134
881,11.844679096442757,30.478430280492333
882,29.205668263424993,27.767106128221364
883,24.197365641465172,27.132447694233964
884,8.638279996548908,28.58298448187283
885,24.976195377932058,28.41822044408953
886,24.232611700468304,27.575800155220875
887,24.350987641954283,28.05923654312954
888,31.159746086689438,25.96029302406333
889,32.21027353083005,25.496901168395087
890,32.37394582697015,25.017540539654334
891,28.316726223614957,25.898372249251416
892,33.08163442125353,24.92205045862785
893,32.95784585624294,27.205209708377005
894,31.342398261977255,26.71777227713061
895,33.56965249504621,27.791506314369624
896,31.246920532220987,25.11170729327823
897,28.96605058287442,24.12121710535462
898,32.926488277997365,27.498586595305248
899,22.118782242056323,28.850527585176575
900,29.93807427145943,28.201350205171714
901,34.183161985103695,28.576790401050058
902,31.28737346988554,26.90353193894408
903,28.81904484256866,29.098026250040935
904,29.492405092255233,28.337936435565336
905,26.850948659837552,30.32688572593846
906,34.387946401150955,30.760375434706667
907,31.705266097168646,27.907074150506645
908,30.94056810677514,30.637944052457566
909,33.42865699612204,29.611096866368047
910,32.66663387471516,29.561274509518565
911,32.15265636407654,28.52985218947592
912,30.81931978370334,28.34199562728569
913,25.11936906573094,31.43560389929174
914,25.033288835316323,27.2603225754675
915,17.71606124593797,27.422663573929647
916,17.577890979514937,22.97978274283544
917,13.974749299071192,27.78885433689066
918,16.798165847411195,26.137789569530476
919,13.113130945331482,19.275226495431465
920,14.75770903442577,21.11334739616521
921,15.14554497709046,17.732942329455266
922,26.247329497464833,20.868965778716184
923,15.331720103675552,17.287686193514865
924,20.656082986431606,14.532261411001262
925,19.729775723119182,18.94658410113054
926,25.56587153105213,18.07507037359897
927,27.43640923388251,21.616296189585366
928,26.121159663380528,29.35941738586312
929,21.53841833614845,25.07264156689812
930,21.68762665220729,24.888777630941824
931,27.48520839418493,25.209074938259874
932,25.745655524170857,29.03786359133188
933,28.169972237688807,26.153819036645558
934,23.077811262245152,26.317331532378905
935,19.15890953885667,27.183003031522745
936,20.86858341670783,25.07865772831079
937,24.039443019691046,22.83989319924531
938,25.151877296563615,23.527791218171217
939,24.268008986546246,24.448812338545935
940,25.491029292042036,24.742512355498967
941,21.385910220876422,25.412577054557417
942,17.792678511396385,27.354422878116278
943,25.320633017955146,24.52146113018471
944,25.349613170935612,24.371397826669206
945,24.378567726863736,21.97239172261372
946,22.689190281092078,20.82892483874014
947,19.556986092658043,16.47014197989077
948,19.573578993056234,18.324590276712225
949,18.705442258799955,17.180669820687307
950,21.34172716782744,19.316598160329473
951,21.470366589257026,19.13551967813593
952,21.154934914611218,19.20924208458657
953,20.38863087162694,18.201468226987263
954,18.730496349809943,16.363818455642523
955,17.77096849525009,16.72380778818408
956,19.447727493288564,19.712808868486338
957,21.756390194071116,19.538164928222184
958,21.36818760600932,19.08831745242071
959,20.17864775471481,19.937408430223186
960,20.4099551099394,19.36476209184623
961,18.412779085571813,17.423869544768145
962,18.748851388803864,16.622693440112144
963,21.742072045588582,18.94891348820975
964,22.357944704884684,19.30980245330148
965,23.115394512284354,19.925821809301407
966,21.631228900462624,18.83539521670543
967,22.114004765737143,18.48302200446491
968,23.39868372942021,20.581377561897895
969,21.19107569334508,19.974095033529476
970,20.4202484321098,19.603152452038493
971,20.389660427503227,19.63763462249984
972,20.587117501865038,20.808221996963624
973,18.82309559434242,18.51138850280931
974,17.370235277858708,17.67682264127752
975,17.385647721550004,15.575765185287304
976,17.866068787498676,16.982793130024433
977,19.060019781406723,18.34715013226601
978,20.425824007712155,19.485770390810128
979,20.876008175731567,19.742251066811992
980,21.57601360782491,19.156022950965752
981,22.150071955423446,20.061994699218317
982,22.79190036840938,20.795809378427638
983,23.26185386466482,21.607091419660975
984,20.87605465195809,18.872724511571615
985,22.373550384328347,20.09518332684527
986,23.54779424402832,20.530613616663675
987,24.455600582616363,20.68855695837918
988,22.602322544002277,18.765601592194024
989,24.803150927062866,20.738198910643877
990,26.558890079351148,22.7635777708567
991,26.73397526671739,23.739768664723723
992,26.228375799309593,22.873844334211153
993,26.210840314996346,23.687070865865216
994,27.709633677837747,24.54507068160538
995,27.61943704624731,24.70709334650247
996,27.276043896023968,24.29791629398835
997,27.497615273845152,25.462131113557373
998,27.652486816379863,26.916141640479033
999,26.589640428180672,26.170005649663047
